{"cameraMode":{"drawMode":0,"name":"Shaded","section":"Shading Mode"},"sceneLighting":false,"audioPlay":false,"sceneViewState":{"showFog":true,"showMaterialUpdate":false,"showSkybox":false,"showFlares":true,"showImageEffects":true,"showParticleSystems":true},"in2DMode":false,"pivot":{"x":-40.560585021972659,"y":-6.369428634643555,"z":-0.1351165771484375},"rotation":{"x":-0.00003238603312638588,"y":0.9998312592506409,"z":-0.0018091442761942745,"w":-0.01951318420469761},"size":78.56980895996094,"orthographic":false}